type,steps,size,temp,order,threads,time
python,50,50,0.5,0.29009569930947277,1,3.102205514907837
python,50,50,0.5,0.3302973497447551,1,3.139953374862671
python,50,50,0.5,0.26771337587623145,1,3.169987916946411
